11,Mobile Legends,10000,17 Diamonds
12,Mobile Legends,20000,35 Diamonds
13,Mobile Legends,30000,55 Diamonds
14,Mobile Legends,40000,80 Diamonds
21,Free Fire,15000,75 Diamonds
22,Free Fire,25000,95 Diamonds
23,Free Fire,35000,150 Diamonds
24,Free Fire,45000,180 Diamonds
31,PUBG,20000,80 UC
32,PUBG,30000,130 UC
33,PUBG,80000,370 UC
34,PUBG,100000,465 UC
41,Token Listrik,50000,"33,08 KWh"
42,Token Listrik,100000,"66,17 KWh"
43,Token Listrik,200000,"132,34 KWh"
44,Token Listrik,500000,"330,84 KWh"
51,Pulsa,12000,10.000 Pulsa
52,Pulsa,16000,15.000 Pulsa
53,Pulsa,20000,20.000 Pulsa
54,Pulsa,48000,50.000 Pulsa
